ID,xCoord,yCoord
0005,0.39843969610636276,0.30550269072491293
0006,0.4949615610328638,0.5874744718309859
0007,0.603659873506676,0.038029515108924807
0010,0.342488756148981,0.34727793394237527
0011,0.729803232607168,0.4525927617709065
0012,0.2548383696416022,0.5650505973295854
0013,0.40466846986089644,0.8309764296754251
0019,0.6000579761068167,0.45454884047786365
0022,0.5644304577464788,0.44098767605633804
0023,0.5234609978917779,0.7596974701335207
0024,0.43227793394237524,0.3142456078706957
0025,0.29908476434051884,0.5897464377055169
0030,0.5295319747013352,0.24663527758257203
0031,0.7311995783555867,0.5423285312719607
0032,0.5836651440618412,0.6297206605762473
0037,0.3342571662571662,0.5031592956592956
0038,0.7871391843971631,0.41623433806146576
0039,0.4628794799718904,0.3626373858046381
0046,0.2875214335910049,0.7379451862262825
0050,0.6157540407589599,0.13507870695713284
0051,0.6511911454673226,0.06764757554462404
0052,0.7372066057624737,0.22289248067463105
0053,0.5722231201686577,0.2932452565003514
0058,0.6461152494729445,0.594839072382291
0060,0.6982610681658468,0.15269747013352072
0064,0.6980080815179198,0.4691004919184821
0066,0.7921348028825773,0.6112314540059347
0067,0.29154146170063244,0.6362730147575545
0069,0.8072375263527759,0.4149335910049192
0072,0.48021363316936055,0.3518636683063949
0076,0.8102466619817288,0.44092059030217845
0077,0.5772776530939404,0.8971090092978519
0078,0.8329360505973296,0.5496651440618412
0081,0.5261379107981221,0.5672092136150235
0084,0.4180390021082221,0.6437519325368939
0086,0.7358240061752219,0.7827294480895407
0088,0.5295727699530517,0.6997479460093897
0089,0.6236043569922699,0.850089248067463
0090,0.3863025298664792,0.6932839072382291
0092,0.5425723822909346,0.2701914968376669
0098,0.6028798313422348,0.46603724525650037
0107,0.3868014757554462,0.49580850316233305
0110,0.5324729444834856,0.41119641602248774
0111,0.6669413211524947,0.427097329585383
0112,0.29471544715447157,0.9121437740693196
0115,0.571111735769501,0.39127442023893183
0118,0.4481352699530516,0.6895575117370892
0121,0.6587575544624034,0.2260456781447646
0122,0.5828527082673425,0.4237633829585049
0123,0.7282344483568075,0.5411684272300469
0124,0.37126950105411105,0.365901616303584
0130,0.3959184820801125,0.9816510892480674
0131,0.5572874209416725,0.5025723822909346
0133,0.396699823943662,0.8892655516431925
0134,0.41808656103286385,0.9020542840375587
0135,0.42834154929577467,0.9043767605633802
0136,0.41367957746478873,0.8670607394366198
0137,0.41692018779342727,0.8673010563380282
0138,0.460587139845397,0.675220309205903
0139,0.6156451159522136,0.6029996486296556
0140,0.37649546351084817,0.6300485207100591
0141,0.4467306338028169,0.21287177230046947
0144,0.48993075117370893,0.7089774061032864
0149,0.550927266338721,0.18397962052002811
0150,0.5661710786250495,0.42560568945081
0156,0.7362344483568075,0.6676487676056339
0157,0.7002424455375966,0.2539356992269852
0163,0.3959940267041462,0.5339335910049192
0164,0.6505470747772181,0.5579879891514916
0165,0.3291268446943078,0.7073998594518622
0166,0.5974075895994378,0.7112969079409698
0167,0.441337734741784,0.24676848591549294
0168,0.40185101897399866,0.45234504567814476
0169,0.4317579058327477,0.07018095572733661
0171,0.6397916373858046,0.345621925509487
0174,0.6082413914265636,0.1475744905130007
0176,0.44338685874912154,0.12763527758257204
0187,0.4480008090614887,0.6370149676375405
0188,0.44184153197470133,0.49602986647926917
0190,0.38891461267605637,0.7138095657276995
0191,0.7936358568075117,0.5016983568075117
0192,0.7963694248826291,0.5079348591549295
0193,0.5173057511737089,0.6955903755868545
0194,0.698917076598735,0.3323685874912158
0195,0.47754759999999996,0.3371692
0196,0.5432301475755446,0.162183415319747
0198,0.5985987350667604,0.2666458186929023
0201,0.34704216444132113,0.5935158116654954
0205,0.629093603286385,0.10540669014084507
0206,0.6950806924882629,0.7178236502347417
0209,0.47073532863849765,0.755294600938967
0211,0.6523188929001204,0.7189987966305655
0213,0.4474501054111033,0.018054462403373155
0214,0.7602937456078708,0.604044975404076
0216,0.6156440618411806,0.6032171468728039
0221,0.48944907063197024,0.6589468401486989
0223,0.6998392018779344,0.5995727699530516
0224,0.6540123239436619,0.329462734741784
0225,0.6609469635627531,0.39971983805668015
0226,0.638961854460094,0.20670305164319247
0228,0.4592876,0.5000588
0229,0.6286669009135629,0.21265706254392128
0234,0.5145856807511737,0.2284970657276995
0235,0.1458220491312163,0.6973609946075495
0236,0.5415319835680751,0.4471836854460094
0240,0.5080010714285714,0.8679660714285714
0244,0.8865182481751824,0.6749696504033806
0245,0.200024595924104,0.6132392832044975
0249,0.48386707746478874,0.8505363849765258
0250,0.4214421948356808,0.9497904929577464
0251,0.3586612789880534,0.26626493323963457
0252,0.7722420941672523,0.36002248770203793
0253,0.5426640899508082,0.08328215038650738
0255,0.38186437768240344,0.6321085836909872
0256,0.4912978286384977,0.48821801643192486
0257,0.4784906103286385,0.7786126760563381
0260,0.5124252066115702,0.6944780991735537
0262,0.5504099178403756,0.5231845657276996
0267,0.6938151408450705,0.40128697183098594
0268,0.521290716350787,0.27924221008673306
0269,0.5034486668709776,0.052511186025130246
0272,0.5581203051643193,0.3767332746478873
0273,0.6968110328638497,0.4724407276995305
0275,0.8847241742796909,0.27490688685874914
0277,0.7143162333099087,0.6042726633872101
0279,0.7068087993421053,0.7959469572368421
0280,0.597793400286944,0.6556359397417504
0282,0.47081553056922,0.29040688685874916
0283,0.7004399156711174,0.28725474349964863
0284,0.7041662269129288,0.6177044854881267
0286,0.4055583274771609,0.43912473647224176
0287,0.6136282501756851,0.42087877723120165
0290,0.4550077253218885,0.8329055793991417
0292,0.6648700117370892,0.400100352112676
0293,0.34638153254248155,0.6782654697018276
0295,0.6255331572769953,0.7195795187793428
0296,0.5031626344086022,0.5334721102150538
0299,0.4710525234741784,0.4603515258215962
0301,0.45693094812164575,0.18545903398926653
0302,0.5182442023893183,0.48942937456078706
0306,0.6582378777231201,0.32624455375966266
0307,0.7536032863849765,0.0019134389671361502
0309,0.3999926643192488,0.32261414319248827
0316,0.5454979460093897,0.5105836267605633
0318,0.39802464788732395,0.8552887323943662
0322,0.557522397094431,0.5853314164648911
0331,0.5152048489107519,0.49449402670414616
0332,0.7949660321015304,0.6595356476297126
0334,0.810975058685446,0.3195513497652582
0335,0.8336122296793438,0.5463158090976883
0336,0.8086027088036117,0.5537272385252069
0337,0.43948949178448604,0.6343347344287352
0338,0.9099044368600683,0.710971558589306
0339,0.6984536384976525,0.5325883215962441
0341,0.29768133802816904,0.369993544600939
0343,0.5571461700632466,0.24151616303583978
0345,0.4630762910798122,0.5284650821596244
0351,0.47412438510189736,0.54640372452565
0355,0.2981293042867182,0.5297610681658468
0356,0.24468834399431413,0.20654015636105186
0357,0.43337842586085734,0.4998829936753338
0361,0.5169087366027931,0.8948577460214355
0364,0.6461373858046381,0.45562684469430775
0365,0.5794476458186929,0.5061777933942375
0366,0.5382273366127899,0.5498756148981025
0368,0.5556396713615023,0.21763468309859155
0369,0.5074700704225352,0.3094926643192488
0373,0.563455985915493,0.2862432511737089
0375,0.3558085106382979,0.8010017730496455
0376,0.7200789915966387,0.7938833613445377
0378,0.6262515811665496,0.37215284609978916
0381,0.6341314741035856,0.8708857901726427
0382,0.5074175469483568,0.4423301056338028
0383,0.3658733140655106,0.27626059730250485
0384,0.2927463106113844,0.5610667603654251
0389,0.3346786703601108,0.9239764542936288
0394,0.7761681338028169,0.24710416666666665
0396,0.7793320449754042,0.5881050597329586
0397,0.7597706082124113,0.8038999691262735
0398,0.7470059732958539,0.6104279690794097
0399,0.6307825017568518,0.30118728039353476
0400,0.48495361911454676,0.3828390723822909
0401,0.5466011946591708,0.744354532677442
0402,0.5481983568075117,0.6756534624413145
0404,0.6932441314553991,0.5896807511737089
0405,0.5788751337852301,0.8950660007135212
0407,0.40770309205903016,0.2560565706254392
0408,0.3245477863668306,0.9037712579058327
0410,0.3823194214876033,0.2735070247933884
0411,0.5574891075193253,0.6695137034434293
0412,0.43918236472945893,0.3403374749498998
0417,0.4742966037735849,0.0
0418,0.46224914546145074,0.558573110520319
0420,0.39182747716092764,0.3892515811665495
0423,0.20692840375586855,0.1926214788732394
0424,0.6381971830985916,0.4611390845070422
0426,0.3555621951219512,0.37410040650406506
0427,0.6657884750527056,0.30082361208713987
0428,0.5620991784037559,0.8194844483568074
0430,0.57365776528461,0.44775755446240334
0433,0.389282853127196,0.2905098383696416
0435,0.5113949402670415,0.3619732958538299
0437,0.8168380182712579,0.2183615600843289
0440,0.7217406886858749,0.45247962052002816
0443,0.6393229093464511,0.17543078004216445
0444,0.5334395539906103,0.43193045774647887
0445,0.32126672535211265,0.13533039906103286
0446,0.6437213633169361,0.3528759662684469
0447,0.5849018450184502,0.46478154981549813
0450,0.6877613941018766,0.512319417847568
0452,0.5886500351370344,0.1906177090653549
0454,0.3967514285714286,0.68323
0455,0.7795382993675333,0.5847839072382292
0456,0.7703083920187793,0.41338350938967133
0457,0.7108338018271257,0.41160751932536893
0458,0.7163429374560787,0.4482603654251581
0461,0.3063605059732959,0.24740021082220662
0462,0.26280897887323945,0.5488213028169014
0464,0.5939662684469431,0.5420193253689388
0465,0.5296103302881237,0.7529202389318342
0466,0.8266749824314829,0.5727389318341533
0467,0.3441138439915671,0.8162143359100492
0468,0.7147288732394366,0.2694325117370892
0469,0.42590287558685447,0.2823289319248826
0470,0.478868544600939,0.5113571009389671
0477,0.8098102016607356,0.5548896797153025
0479,0.739685523541813,0.6133418833450457
0481,0.7244051300070274,0.29193745607870697
0483,0.6983081517919888,0.3649170765987351
0486,0.8760117187500001,0.34186989182692307
0489,0.4600903021784961,0.5436489810260013
0490,0.544698875614898,0.3866293042867182
0491,0.4923474178403756,0.8793482981220657
0492,0.7018169360505974,0.4515105411103303
0495,0.6640990864371047,0.7043464511595221
0503,0.694218309859155,0.8042840375586855
0504,0.8323074490513,0.18862895291637385
0505,0.6952009838369642,0.22212895291637386
0511,0.5534724178403756,0.4552130281690141
0513,0.7347136650868878,0.7081145339652448
0514,0.6268808685446009,0.6048301056338028
0515,0.6174181307097681,0.17043499648629656
0516,0.5933583682805947,0.16445749142203583
0521,0.4302115249472945,0.6464033731553057
0522,0.37412618203309694,0.3802189716312057
0525,0.4156546029515109,0.6662150386507378
0528,0.429391426563598,0.12673998594518623
0533,0.6420619973190349,0.15336829758713136
0540,0.6149237526352777,0.3614574841883345
0541,0.8003000702740689,0.3950080815179199
0543,0.4153095572733661,0.5774490513000703
0546,0.6499747013352073,0.3445758959943781
0549,0.4074104005621926,0.6163460997891779
0553,0.41195467322557977,0.31599016163035837
0554,0.4289409697821504,0.3157969079409698
0555,0.7456004919184822,0.5412146872803936
0556,0.3618738580463809,0.4186233309908644
0558,0.38816459810874704,0.17588120567375887
0559,0.5542955024595925,0.44738439915671113
0563,0.4090186226282502,0.6843439915671118
0566,0.5366335093896714,0.4514260563380282
0568,0.5594865023474178,0.6885328638497652
0572,0.7556286015460296,0.26829585382993676
0573,0.4572073085031623,0.3817125790583275
0578,0.633070625439213,0.48469501054111036
0579,0.7724663191659984,0.362953488372093
0580,0.780597329585383,0.7076412508784258
0582,0.3166298302636331,0.4319656915854099
0583,0.32850351370344344,0.4456310611384399
0584,0.6549357394366196,0.25118984741784034
0586,0.506159873506676,0.1311921995783556
0587,0.22079936753338017,0.3087396345748419
0588,0.5307624736472242,0.5110618411806044
0590,0.8240978132387706,0.5300159574468085
0591,0.621073787772312,0.48242621222768794
0594,0.4023148278285313,0.3574244553759663
0595,0.7687242632216391,0.38941784416633024
0597,0.5318460997891779,0.7382456078706957
0598,0.6846844694307801,0.24406570625439214
0603,0.4481563218390805,0.6448436781609195
0606,0.5879818075117371,0.2874480633802817
0608,0.21983039906103286,0.38313086854460093
0610,0.721743851018974,0.8300692199578356
0613,0.5843526995305164,0.7697400234741784
0615,0.19154401408450702,0.49029019953051645
0622,0.8040966268446943,0.3760885453267744
0624,0.7389617006324666,0.1767529866479269
0625,0.19049683766690093,0.23481377371749823
0626,0.7774975775193799,0.6136458333333333
0627,0.532025650035137,0.5091820098383697
0637,0.428231553056922,0.38496907940969777
0639,0.7857693733778272,0.4563337041156841
0640,0.7305952645209027,0.3450066592674806
0641,0.4633907238229093,0.13852916373858046
0642,0.6235495432185524,0.5046921995783556
0645,0.7639019953051643,0.4836467136150235
0646,0.4519047786366831,0.6102621222768798
0651,0.9506458186929023,0.4797993675333802
0653,0.666593896713615,0.17546830985915493
0654,0.38311414319248827,0.25769160798122065
0656,0.6355544624033732,0.19094659170765987
0658,0.4359468186134853,0.21322950300728077
0666,0.4811507378777231,0.7798025298664794
0671,0.6346974701335207,0.20709838369641603
0672,0.6350442857142857,0.7650939285714285
0673,0.8043134223471539,0.5588345045678145
0674,0.21950702740688685,0.35899718903724526
0675,0.7409442488262911,0.788331572769953
0676,0.7090636737089202,0.14042341549295775
0677,0.76706308685446,0.11977670187793428
0678,0.6126496837666902,0.041383345045678144
0683,0.577489496498833,0.5133024341447149
0687,0.17595572733661277,0.30033028812368234
0689,0.4263882642304989,0.6187463106113844
0693,0.3793208011243851,0.5501356289529163
0694,0.7638381857186638,0.8289120441311676
0695,0.5158286384976526,0.8573151408450704
0696,0.4366772300469483,0.8223353873239436
0697,0.766750092284976,0.24000885935769656
0699,0.7222614195361912,0.6403345045678145
0703,0.4468550469483568,0.6398667840375587
0705,0.4802177949709865,0.6292959381044487
0707,0.15332431482782852,0.9259796205200281
0710,0.6874507042253523,0.2438392018779343
0711,0.6090836261419537,0.515182361208714
0712,0.5704543218552354,0.7118868587491216
0713,0.6754242957746479,0.3951273474178404
0718,0.569758257203092,0.6255699226985243
0719,0.5349193075117371,0.2578606220657277
0720,0.4382231201686578,0.16978109627547436
0721,0.5744985945186226,0.9520309205903021
0725,0.7077918454935622,0.759449356223176
0730,0.5784219483568075,0.8104680164319248
0731,0.8486829350387075,0.5239717266913497
0733,0.6764750996015936,0.6652958167330678
0735,0.6126141078838174,0.8429992455677103
0736,0.6510825720309206,0.8144803232607167
0737,0.6248566408995081,0.861634223471539
0739,0.5381696009389672,0.6901842723004695
0742,0.5780481220657278,0.5802805164319249
0744,0.34300140548137736,0.6058092059030218
0745,0.555098383696416,0.6407877723120169
0746,0.5960576247364723,0.19940548137737177
0749,0.3181631455399061,0.3414263497652582
0751,0.6921346830985916,0.4561332159624413
0755,0.6852259311314125,0.4526278988053409
0756,0.7001036542515812,0.16917006324666198
0757,0.4387037947997189,0.40992094167252285
0758,0.37146240337315534,0.4591170063246662
0760,0.7203763176387912,0.17692375263527757
0761,0.6945498826291079,0.46597740610328636
0762,0.6356458419528341,0.849598262308647
0763,0.37764335910049196,0.2975713281799016
0765,0.6308160211267605,0.3963004694835681
0767,0.33856983568075116,0.9798632629107981
0768,0.3762256610576923,0.5186192908653846
0771,0.551218200983837,0.21559100491918481
0772,0.38343078668683817,0.7008199697428139
0773,0.5232023391812866,0.6455438596491228
0774,0.5097843213728549,0.6308280031201248
0776,0.7526368203309692,0.9265658983451536
0779,0.5675642605633803,0.7606965962441316
0781,0.6030554485945322,0.4138120908740855
0782,0.5975598591549296,0.3383532863849765
0785,0.5280083927822072,0.7617326898866975
0790,0.5365040441176471,0.7342055147058824
0791,0.4047253653053578,0.8220277257399776
0792,0.5902285500187335,0.8894196328212813
0798,0.668917499194328,0.15469803416048986
0803,0.6578134223471539,0.7801813070976809
0808,0.3928631090487239,0.4557556071152359
0809,0.32231482782853127,0.13577758257203093
0812,0.43838820422535213,0.8812881455399061
0813,0.4703744131455399,0.745049295774648
0815,0.2944973591549296,0.6808327464788732
0816,0.26847083626141954,0.5655203794799719
0817,0.41098699929725935,0.5140456781447645
0821,0.3296595221363317,0.5044697821503865
0822,0.5078732394366198,0.5120478286384976
0825,0.40805457746478874,0.2946945422535211
0826,0.582146521433591,0.5724188334504567
0829,0.4581587441314554,0.5648010563380282
0830,0.7332121478873239,0.5954137323943662
0831,0.5749222417840376,0.6642887323943663
0836,0.5234585382993675,0.6084669711876317
0837,0.49438374156904513,0.5701040113596024
0838,0.8138285714285715,0.48237979094076655
0839,0.6967180164319249,0.5013864436619718
0840,0.5466735769501054,0.4791036542515812
0841,0.7269293870192308,0.4848251201923077
0842,0.5007730147575544,0.3401458186929023
0845,0.5220398117987695,0.30554180238870793
0846,0.47186296948356804,0.8345845070422535
0848,0.47588468309859155,0.4351631455399061
0849,0.5994919184820802,0.3677898805340829
0852,0.6180607870695713,0.22825228390723823
0853,0.48298032326071677,0.6660976809557273
0855,0.4245196767392832,0.6547617709065355
0856,0.5317540407589599,0.26410014054813774
0857,0.6163478566408995,0.5580238931834153
0858,0.506906396713615,0.7145111502347418
0859,0.7197397300469484,0.15105281690140845
0860,0.5211254392129304,0.8563973998594517
0861,0.8260934645115952,0.3252083626141954
0865,0.5730678144764582,0.17918411806043572
0869,0.6684715390021082,0.3070066760365425
0873,0.1931438116449252,0.31626662424435253
0874,0.535178982547345,0.3454378017081322
0875,0.4385175685172171,0.2857087139845397
0879,0.7444052434456928,0.7941962546816479
0880,0.6262666900913563,0.32342550948699933
0881,0.5346150234741784,0.22279342723004694
0883,0.3870906535488404,0.4488302881236824
0884,0.30072979620520024,0.4378088545326774
0886,0.43350607142857145,0.8134432142857143
0887,0.5084545187793428,0.7478597417840376
0890,0.744335812964931,0.3061115834218916
0897,0.6857575544624034,0.5835990864371047
0898,0.32566176930290713,0.6879696780243827
0899,0.4201640899508082,0.5080052705551651
0903,0.815661981728742,0.12075333801827125
0906,0.2731841180604357,0.47459381588193955
0908,0.7497856037151702,0.7705061919504644
0910,0.6033253689388616,0.3044736472241743
0911,0.7274578355586789,0.6701458186929022
0912,0.5446820098383697,0.44904954321855234
0918,0.7315425158116656,0.2245632466619817
0919,0.6968591004919185,0.11469009135628953
0922,0.3944956437560503,0.971297192642788
0924,0.6462907801418439,0.6568942080378252
0925,0.7242301475755447,0.31200773014757555
0927,0.6530938158819395,0.14747434996486297
0929,0.707157802042973,0.2803631560408595
0932,0.5524286718200984,0.35090864371047087
0933,0.7383338018271257,0.6587747716092762
0935,0.7720657276995304,0.6209017018779343
0936,0.6343257386970452,0.34205161979352083
0938,0.47223928320449754,0.18772874209416723
0941,0.6710149647887323,0.42258597417840377
0945,0.4962617709065355,0.5900987350667604
0947,0.7951261291401807,0.5347708263633323
0949,0.38267560975609755,0.9641623693379792
0952,0.6909132115249472,0.34664617006324666
0954,0.7060539285714286,0.4103039285714286
0955,0.43142691496837665,0.728428320449754
0956,0.5504806746310611,0.3217540407589599
0958,0.3362037947997189,0.25617533380182717
0959,0.7028594518622628,0.20293534785664089
0960,0.8478415319747012,0.6553643710470836
0962,0.6848288826423049,0.7229335910049192
0963,0.6519212930428672,0.14851616303583978
0964,0.4890853829936753,0.27569325368938863
0965,0.591827828531272,0.40636753338018267
0968,0.5643717498243148,0.28996521433591005
0971,0.3465152582159624,0.47672417840375586
0972,0.5317899061032864,0.08300909624413146
0973,0.38226106816584676,0.3655811665495432
0974,0.7917147887323944,0.4156038732394366
0975,0.6716159037558685,0.5827174295774649
0976,0.6210098383696416,0.4341936050597329
0978,0.6655888966971187,0.5613134223471539
0979,0.4554248067463106,0.5402196064652143
0981,0.7697209507042253,0.8018482981220657
0982,0.5238355586788475,0.569952916373858
0986,0.6178918358889349,0.5536406962287609
0987,0.6441278988053408,0.5829820801124385
0989,0.7023520730850317,0.42222206605762475
0993,0.46872557976106816,0.776482431482783
0994,0.6761335207308503,0.32012122276879834
0998,0.677891426563598,0.2897030920590302
0999,0.5275843288826424,0.2238692902319044
1000,0.23865228709557457,0.27312420974339907
1001,0.5435411103302881,0.4860189739985945
1002,0.7021810411810412,0.6510695415695416
1003,0.5616549356223176,0.5947690987124463
1004,0.709866830639494,0.3299810260014055
1005,0.7031061138439916,0.5259834855938159
1013,0.5667167955024596,0.08985242445537596
1014,0.733694659170766,0.5412969079409697
1015,0.7225130007027407,0.14161454673225582
1019,0.4703622628250176,0.06795643007730147
1023,0.7809683766690091,0.5319834855938159
1024,0.733275821596244,0.09589055164319249
1026,0.5265240610328639,0.33108538732394366
1027,0.5629768095572734,0.4674075895994378
1028,0.6548758802816902,0.45390580985915496
1034,0.5945938223938224,0.5826698841698842
1040,0.589363668306395,0.3686008432888264
1041,0.306581572769953,0.05831543427230047
1042,0.4636977699530516,0.36600762910798124
1043,0.3599891304347826,0.2367793880837359
1045,0.5439571328179902,0.293827828531272
1047,0.8101093333333333,0.16553866666666667
1049,0.1512136150234742,0.5867849178403756
1050,0.5413025234741784,0.792837147887324
1053,0.22127693504472967,0.8046032672112019
1055,0.47190688685874915,0.34272557976106816
1058,0.45946029515108927,0.6918851018973998
1060,0.7193482981220658,0.4220674882629108
1061,0.7159929577464789,0.4426610915492958
1062,0.6379451291079813,0.4861317488262911
1063,0.2660029342723005,0.6230924295774647
1065,0.9134236786469344,0.6729720930232558
1069,0.38799791318864774,0.7834904006677796
1070,0.7862373826291079,0.6331643192488263
1071,0.6892453051643193,0.6157649647887324
1073,0.3479915671117358,0.7557041461700632
1079,0.2823518192488263,0.053209507042253516
1080,0.529155657062544,0.03962543921293043
1081,0.7274301643192488,0.7536091549295775
1084,0.7885650035137035,0.11264195361911455
1087,0.8210917331399564,0.3310123277737491
1088,0.5637761150234741,0.32347300469483564
1089,0.7931222768798314,0.5608991567111735
1090,0.4490776528460998,0.4650699226985242
1093,0.46572206605762473,0.38271749824314827
1094,0.34242480674631065,0.4414265635980323
1095,0.362540500736377,0.4532418998527246
1098,0.6748615600843288,0.29927055516514406
1099,0.5812361208713985,0.32718060435699226
1100,0.8002121445042275,0.4366287471176018
1101,0.4554259978806076,0.5434093959731544
1103,0.48817943615257053,0.8019827529021559
1104,0.7088424295774648,0.5615275821596244
1105,0.5595932692307692,0.49733429487179487
1106,0.5158078051643192,0.5056789906103286
1107,0.3424711876317639,0.5645281096275474
1110,0.6298773474178405,0.7552585093896713
1112,0.7548834737999268,0.26673873213631366
1113,0.6485640653357532,0.6396159709618875
1115,0.807353478566409,0.2982575544624034
1121,0.77865776528461,0.3567519325368939
1124,0.6063699929725931,0.0689427266338721
1134,0.6732535167239764,0.6742410128165052
1138,0.15194131455399063,0.04801320422535211
1140,0.76953478566409,0.4741925509486999
1143,0.5776294142085584,0.9308791026173661
1144,0.3283990610328638,0.6968852699530517
1145,0.46573541813070973,0.7135657062543921
1147,0.6483845431789738,0.5590506883604506
1149,0.13768632629107982,0.6750730633802816
1151,0.8534827828531273,0.8233872101194659
1153,0.8234606465214336,0.184291988756149
1154,0.7644609978917779,0.37982009838369646
1156,0.7367719889672081,0.45969690468893654
1157,0.7233193956430077,0.730620871398454
1158,0.20147926914968378,0.39082220660576245
1161,0.6775192635526764,0.6091670644391408
1162,0.8420654342723005,0.7483717723004695
1163,0.503043720657277,0.569825117370892
1165,0.6693396226415095,0.479717358490566
1166,0.6856103996895615,0.7356410554908809
1167,0.3189748848890749,0.7260439514441189
1168,0.7834016163035838,0.43225228390723824
1170,0.8102874630645842,0.29882439848037146
1171,0.562383137254902,0.6627168627450981
1173,0.7745962441314554,0.5683345070422535
1176,0.5468025298664793,0.7107860154602951
1178,0.7530351931330471,0.6600781115879828
1179,0.41897891777933943,0.4547006324666198
1181,0.7746250878425861,0.38095924104005624
1184,0.6379691901408451,0.5031326291079812
1186,0.5029724178403756,0.8664738849765259
1188,0.6305091356289529,0.526862614195362
1189,0.6671570625439213,0.5272473647224174
1190,0.7857413914265637,0.4297986647926915
1191,0.7013587491215741,0.4577761770906535
1193,0.3916194659170766,0.24660189739985944
1195,0.6024718903724525,0.41439002108222067
1197,0.8203127934272301,0.22717488262910798
1198,0.25792463036422647,0.539191849981969
1199,0.531509505703422,0.5846062526404732
1200,0.558950643776824,0.5868360515021459
1201,0.5169459227467811,0.640593991416309
1203,0.5327350667603654,0.45167955024595924
1204,0.27036234003656306,0.41085374771480804
1205,0.5093101525821596,0.3950648474178404
1207,0.17776948651643887,0.5791699298115996
1210,0.613027758257203,0.26169536191145465
1212,0.570526371681416,0.612218761061947
1213,0.6162470133520731,0.3233190442726634
1216,0.6477928403755868,0.48743984741784036
1218,0.6654297259311315,0.4124451862262825
1219,0.7594269149683766,0.34866163035839776
1220,0.6487212441314554,0.3393127934272301
1221,0.5856675469483568,0.31279518779342724
1222,0.5711135563380282,0.40538791079812203
1223,0.6633887910798121,0.21371478873239438
1224,0.7480878136200717,0.1797799283154122
1226,0.6265186226282501,0.21624104005621927
1228,0.5651362925914348,0.39133104095029697
1229,0.34982361208713986,0.6841514406184118
1230,0.8084118060435699,0.5061412508784259
1232,0.537156711173577,0.4267515811665496
1236,0.7226303583977511,0.6501314125087843
1237,0.37626423049894586,0.241317638791286
1240,0.6960776528460998,0.3860751932536894
1241,0.643988756148981,0.4397926914968377
1242,0.6302157413914266,0.07789353478566409
1244,0.5398127196064653,0.3265966268446943
1247,0.7291646126760564,0.3580721830985915
1248,0.38950140548137735,0.705624033731553
1249,0.3058120168657765,0.7140600843288826
1251,0.36227406886858754,0.7471971187631764
1252,0.6189757554462404,0.6308496134926211
1255,0.8026440058479533,0.28674817251461987
1259,0.2288787772312017,0.20281096275474353
1261,0.724118251173709,0.4527904929577464
1263,0.6918946596244131,0.13086032863849764
1264,0.7467719606465215,0.6833545326774421
1265,0.5537079852990311,0.7052779819579017
1268,0.5331595221363317,0.6412385804638088
1269,0.6980073787772312,0.628510189739986
1272,0.7137217146872804,0.29928285312719605
1275,0.23451544779037933,0.45770355885803676
1277,0.7876196428571429,0.9109310714285714
1278,0.37889964788732394,0.4564856220657277
1282,0.6231043569922698,0.45193429374560784
1283,0.5404286718200983,0.5060495432185523
1285,0.3779255094869993,0.5197276879831342
1286,0.6008016666666667,0.3924803333333333
1287,0.2638984539704849,0.5209750527055517
1288,0.5486008432888264,0.3396082220660576
1290,0.5479979460093897,0.3232403169014085
1291,0.35364354527938346,0.8777271676300579
1292,0.7732863668306396,0.35078460997891775
1293,0.6555210822206606,0.37097329585382993
1295,0.36681648936170214,0.7928185579196217
1296,0.8461619718309858,0.5876302816901409
1297,0.47959343528534126,0.8640149198060425
1298,0.3152519325368939,0.29695221363316937
1301,0.35590196767392834,0.30850948699929726
1302,0.44499262122276884,0.6810888966971187
1303,0.7034732958538299,0.6046377371749824
1304,0.5921999297259312,0.415768446943078
1306,0.6284122652582159,0.36061267605633807
1307,0.5271890372452566,0.5129634574841884
1309,0.647831947743468,0.36414519002375295
1310,0.5886205200281096,0.5874964862965566
1311,0.4012675836198812,0.7777517974366989
1317,0.4265302178496135,0.5140555165144062
1318,0.5886097417840376,0.4630801056338028
1320,0.639888497652582,0.6494454225352112
1321,0.5444072382290934,0.22199859451862264
1323,0.31061722488038274,0.5035956937799043
1325,0.5696314125087842,0.8261598735066761
1327,0.7325931131412509,0.6216841180604358
1328,0.6977347153900211,0.5957515811665496
1332,0.7937218309859154,0.2784612676056338
1333,0.2921206008583691,0.4322175965665236
1335,0.3045657062543921,0.3907255797610682
1337,0.5532940263770365,0.7513359193173003
1338,0.3212048122065728,0.07096302816901409
1339,0.7274289906103286,0.6408485915492957
1340,0.7180938158819395,0.799240688685875
1345,0.45629479971890374,0.45365003513703445
1347,0.36734223471539007,0.42104356992269854
1350,0.5460544624033731,0.7309146170063247
1351,0.3020361911454673,0.3431693605059733
1353,0.8269014084507043,0.7077552816901409
1354,0.47381660798122066,0.2915803990610329
1357,0.9154513127284811,0.34858025922233304
1358,0.7965628952916374,0.6822737174982432
1365,0.6880988849765258,0.49905927230046954
1366,0.24430259456080025,0.817941231634886
1368,0.6296235328638498,0.4491505281690141
1369,0.524298463356974,0.3132887115839243
1370,0.8240190727699531,0.5921851525821596
1371,0.709827828531272,0.7328415319747013
1372,0.46942341549295774,0.323956279342723
1374,0.6486117040853883,0.4399337504600662
1377,0.3250203794799719,0.49854146170063246
1378,0.8055323383084576,0.512983416252073
1382,0.5516454673225579,0.3356907940969782
1384,0.7419923708920187,0.6155243544600939
1386,0.8424972972972973,0.44670395010395003
1388,0.3695347639484978,0.9294484978540771
1389,0.4949254088552054,0.5976449940167531
1391,0.38231061138439915,0.5694718903724526
1392,0.7998785952164699,0.41293127459884954
1393,0.42553697183098593,0.18175469483568074
1395,0.7310143487858719,0.3774484915378955
1397,0.2677972972972973,0.2986019305019305
1400,0.4725674631061138,0.3436064652143359
1402,0.770826774420239,0.3690172171468728
1404,0.7100758591785414,0.44078499580888514
1407,0.4428711854460094,0.7018292253521127
1408,0.6409392129304287,0.2464114546732256
1409,0.6386244131455399,0.636487382629108
1411,0.7522388497652582,0.7443336267605634
1413,0.7397782853127196,0.20877266338721012
1415,0.42873541813070976,0.5880576247364723
1416,0.5854423752635278,0.23242410400562194
1417,0.7367565003513704,0.45932220660576245
1418,0.4280411103302881,0.7509761068165846
1419,0.4955643007730148,0.20708538299367535
1420,0.7524992972593114,0.22865003513703444
1423,0.8905065533120794,0.4975221395678357
1425,0.5950024595924104,0.24694167252283908
1428,0.5438562895291638,0.40208186929023193
1429,0.5093594518622628,0.40370871398453967
1430,0.5060769501054111,0.40101932536893886
1431,0.49278847505270557,0.42982466619817283
1432,0.5199255094869993,0.42541777933942376
1433,0.5154768095572734,0.42663843991567113
1435,0.5392689285714286,0.4923742857142857
1437,0.5475038650737878,0.17920168657765284
1438,0.6332926914968378,0.4715794096978215
1439,0.465290934645116,0.5932424455375966
1442,0.75917339055794,0.8356703862660945
1444,0.5181058970099668,0.11403986710963455
1445,0.58828074490513,0.4447118763176388
1446,0.40918236120871393,0.5734174279690794
1447,0.4336900913562896,0.7375776528460999
1448,0.38699016163035843,0.4524947294448348
1449,0.49388334504567816,0.7571960646521434
1450,0.39627231201686586,0.4580084328882642
1451,0.4552453300124534,0.1337401411374014
1452,0.4312687447346251,0.1022860151642797
1453,0.4504059865092749,0.08640978077571669
1454,0.5502387045181927,0.46707876849260294
1456,0.225056338028169,0.4751229460093897
1457,0.3874630281690141,0.7182590962441315
1464,0.5464542253521126,0.4886475938967136
1465,0.48430885453267747,0.4881644413211525
1467,0.5963268779342723,0.6736390845070424
1468,0.6057206605762474,0.036733309908643715
1470,0.33896451159522134,0.43582817990161626
1472,0.7150026722090261,0.4594302256532067
1473,0.6299116784037558,0.21236795774647887
1474,0.38792550948699933,0.5049792691496838
1475,0.8006605762473649,0.4361008432888264
1477,0.6392245256500351,0.36323190442726633
1479,0.32087822769953056,0.8037916666666667
1480,0.3327255067567568,0.6711689189189189
1484,0.32429113418530353,0.6109688498402556
1486,0.5704992972593114,0.26592656359803235
1488,0.5994870892018779,0.2537655516431925
1492,0.5453618057810978,0.2568002598246184
1494,0.596234964512514,0.2937997758685095
1495,0.21152319044272663,0.4264093464511596
1496,0.6431584680252987,0.1132234715390021
1497,0.254388264230499,0.6919058327477161
1500,0.6628966971187632,0.35680498945888967
1503,0.5104181307097682,0.5873092059030218
1507,0.7413729460093897,0.540756455399061
1508,0.6543192488262911,0.6117579225352113
1509,0.5398865073787773,0.7649508081517921
1510,0.6589999999999999,0.7186047083626141
1511,0.559435347856641,0.77637702037948
1512,0.5715628952916374,0.7786447645818694
1513,0.5478373155305692,0.778536893886156
1521,0.7318288553551711,0.5447224880382775
1524,0.34063773717498247,0.47802670414617005
1525,0.655702740688686,0.8187898805340829
1527,0.9158364466583645,0.7898314653383146
1529,0.6676987625676721,0.19631129156999227
1532,0.5138070976809558,0.48404638088545326
1534,0.9842971428571428,0.36181673469387754
1535,0.19636542515811664,0.6697185523541813
1539,0.5400962016329428,0.5471203407880725
1541,0.5883631239935587,0.7469198872785829
1542,0.8395225,0.43011642857142857
1543,0.6465829234012649,0.47974595924104
1544,0.5350073787772313,0.957276528460998
1548,0.6703200983836964,0.3637118763176388
1549,0.7225892480674632,0.042424455375966265
1550,0.41834947183098586,0.6758758802816902
1551,0.5862399859451862,0.7338622628250177
1552,0.8260240610328639,0.5113397887323944
1554,0.5939711876317639,0.3515523541813071
1556,0.568961373390558,0.45305536480686703
1557,0.6158713984539704,0.3323039353478566
1559,0.7987863668306395,0.5067283907238229
1561,0.6993146436027439,0.6639206680584552
1563,0.5233172874209417,0.7137066057624737
1565,0.3927711267605634,0.6944025821596244
1568,0.7596770089978281,0.5824390319578033
1570,0.5655494942196532,0.10877492774566475
1574,0.6691820098383696,0.7815277582572031
1577,0.542352886693424,0.6540728619944427
1579,0.6515411103302882,0.524450808151792
1580,0.5465513497652582,0.2258031103286385
1581,0.4171332159624413,0.23061150234741784
1582,0.2386332159624413,0.5148735328638497
1583,0.8491907834101382,0.4833766513056836
1584,0.6230770958083832,0.469752245508982
1586,0.44283656103286384,0.3020469483568075
1587,0.8107361208713985,0.6051718200983837
1588,0.3454595924104006,0.7363274771609277
1589,0.6132406103286385,0.6547206572769954
1591,0.6195842696629213,0.6695362614913177
1592,0.7941552230046949,0.5841079812206573
1602,0.4333464343598055,0.6397443273905996
1603,0.33621889671361505,0.6788826291079813
1604,0.4995116623472788,0.4213528322843392
1605,0.44313843991567115,0.30810751932536895
1607,0.49495774647887325,0.20036091549295776
1610,0.5773906619385343,0.14358096926713948
1612,0.3662421557770395,0.34971760797342194
1614,0.5507743544600939,0.4000848004694836
1616,0.4808336267605634,0.8028679577464789
1618,0.6974321855235418,0.48481939564300774
1620,0.6620033711308613,0.3983827765859638
1623,0.7165751932536895,0.05541988756148981
1624,0.4591085680751174,0.9053524061032864
1627,0.6744490513000703,0.5755432185523542
1629,0.5841261737089202,0.31897916666666665
1630,0.7282477160927617,0.2885077301475755
1636,0.21953656462585036,0.6666007653061224
1638,0.30248992012171927,0.45437352605553444
1639,0.6900856610800745,0.22658175046554932
1640,0.5153450826805918,0.7728385552654482
1643,0.5339630901287554,0.6172364806866953
1645,0.6043833450456781,0.2952825017568517
1646,0.327796107916851,0.5551848739495799
1648,0.5689297259311314,0.4353295853829937
1650,0.5409276177090654,0.17165846802529866
1651,0.768479620520028,0.6089483485593816
1652,0.2603078004216444,0.6797262825017568
1655,0.5407027961043042,0.5192284008796733
1656,0.6330818661971831,0.5793849765258217
1658,0.5841481807511737,0.6673415492957747
1659,0.7065635980323262,0.7805126493323963
1660,0.39792548631717767,0.8563488295417079
1661,0.7246178736517719,0.7145219568567026
1662,0.5514511595221363,0.8370597329585383
1663,0.28648708920187793,0.34046919014084503
1664,0.6186266044340724,0.11873862310385064
1666,0.6872388497652582,0.41956396713615024
1667,0.3979118060435699,0.9485386507378778
1670,0.5979349964862966,0.36927055516514407
1671,0.7941860328638497,0.3563524061032864
1674,0.6719546732255798,0.7543218552354182
1676,0.6912702464788733,0.7259395539906103
1677,0.8155058685446009,0.5724606807511737
1678,0.5550702740688686,0.5170354884047786
1679,0.4839356992269852,0.9520179198875616
1680,0.5672556158017041,0.712844306738962
1683,0.5731521433591005,0.41475509486999296
1684,0.7240987350667604,0.33388580463808853
1685,0.62814298752662,0.6125089747490112
1686,0.6749750527055517,0.5526026001405482
1687,0.3257242688947968,0.790570072161033
1688,0.3543067463106114,0.7619448348559381
1690,0.5758630932058723,0.5684854899283032
1691,0.15263773717498244,0.3677624736472242
1693,0.7415229563269876,0.34091862635311687
1694,0.3660290577002906,0.3772183478621835
1696,0.5102445488091244,0.5362884937940289
1697,0.5603356807511737,0.18528902582159626
1700,0.6180173122065727,0.7138380281690141
1703,0.691949754040759,0.34462403373155304
1704,0.20590654820664692,0.9391707798617966
1705,0.44014818075117373,0.2471261737089202
1707,0.8212313741721854,0.1300194536423841
1709,0.5029096440523274,0.5485987222391238
1711,0.5221156008432888,0.4506651440618412
1712,0.7548619114546732,0.6080660576247365
1713,0.6704054813773718,0.736266338721012
1714,0.7116703832752613,0.9638989547038327
1715,0.6322044975404075,0.6804961349262122
1718,0.24229234012649334,0.47981763879128597
1719,0.2978011243851019,0.751522487702038
1720,0.4532740610328639,0.6482288732394367
1721,0.7073865073787772,0.2617308503162333
1722,0.5079888497652583,0.35856161971830985
1724,0.8007210884353742,0.6773280423280423
1725,0.6148257042253521,0.379943661971831
1726,0.4395413005272407,0.63764920913884
1727,0.7288854532677441,0.28253338018271257
1728,0.6354288681204568,0.4239370024229837
1729,0.4542905832747716,0.45220836261419534
1731,0.7108583977512298,0.5907139845397048
1733,0.6329153197470133,0.35257062543921297
1734,0.6621286015460295,0.704843288826423
1737,0.3644596958174905,0.6384235741444867
1738,0.5991906793567443,0.5162953724975385
1740,0.6447711267605634,0.2335231807511737
1741,0.8710465567410282,0.4786382153249273
1742,0.5638582746478873,0.1669198943661972
1743,0.7194086437104708,0.2978527758257203
1746,0.6454827828531272,0.44771152494729444
1747,0.299524941314554,0.4061417253521127
1751,0.3622676056338028,0.25957335680751176
1753,0.684295151089248,0.4255836261419536
1756,0.8692899061032864,0.5255448943661972
1757,0.7197691496837666,0.1894047786366831
1758,0.3253802575107296,0.7945309012875537
1759,0.603507744616547,0.36238723082735175
1761,0.30257842749901226,0.10166613986566575
1762,0.6546264671361502,0.27256954225352115
1764,0.22689427168576107,0.4973620294599018
1765,0.25524182808716706,0.53803299031477
1766,0.8287030201342281,0.5154083892617449
1769,0.7395249472944484,0.07348383696416022
1770,0.6387963615023474,0.3283418427230047
1773,0.4972323943661972,0.40739407276995304
1776,0.6250516431924883,0.3903034037558685
1777,0.6727196064652143,0.11220765987350668
1778,0.6748582746478873,0.15545099765258216
1779,0.50037558685446,0.7029577464788732
1780,0.6056519953051643,0.4498532863849765
1781,0.4677663387210119,0.5185794096978215
1782,0.5942244599047968,0.6728414500183083
1783,0.808511655011655,0.331509324009324
1786,0.6261577761081893,0.18757438016528924
1787,0.3012624736472242,0.3893552354181307
1790,0.5519662558685446,0.7389574530516433
1791,0.5974467811158798,0.39683690987124465
1792,0.5564885563380282,0.4945337441314554
1793,0.5532218309859155,0.5957599765258216
1794,0.4903601546029515,0.5309444834855939
1795,0.4688092723004695,0.511174589201878
1796,0.7296116638078903,0.8368205831903944
1800,0.5443330399061033,0.8731364436619719
1802,0.8577095873409867,0.5058340055848589
1809,0.37349178403755867,0.7753303990610328
1810,0.5002013352073086,0.3359648629655657
1813,0.4744420238931834,0.6467779339423753
1814,0.5477916373858047,0.6415600843288827
1816,0.36110681658468025,0.4487905832747716
1817,0.8070741391426564,0.09504813773717498
1820,0.3062635277582572,0.7412434996486296
1821,0.6713728039353479,0.663133169360506
1822,0.8593791079812207,0.3419644953051643
1823,0.23013292253521128,0.331518779342723
1825,0.6873163145539906,0.26089524647887324
1826,0.6689043427230048,0.25677934272300473
1827,0.3987874209416725,0.19410260014054817
1828,0.7563601546029516,0.39277020379479977
1830,0.6795307142857142,0.7686428571428571
1835,0.5011496837666901,0.3234293745607871
1839,0.6805428671820098,0.047663035839775124
1843,0.48706113843991566,0.839209065354884
1844,0.44742796907940974,0.25565284609978917
1846,0.6183132530120482,0.17701825483753195
1848,0.7117159624413146,0.6109727112676057
1849,0.41747962052002807,0.331743851018974
1851,0.8529465917076599,0.6731718200983837
1852,0.526119955979457,0.7358242846661776
1853,0.5103035714285714,0.7424262129380053
1855,0.5814031690140845,0.0986930751173709
1857,0.6885115952213633,0.06081096275474351
1859,0.3611965317919076,0.42551597201095226
1860,0.7124876441515651,0.7262186985172981
1861,0.2832340126493324,0.7334933239634575
1862,0.6017365023474178,0.5274002347417841
1863,0.581537947997189,0.3380063246661982
1865,0.6047463942307693,0.5989350961538462
1866,0.6839440823327615,0.527219897084048
1867,0.6036264933239635,0.2567322557976107
1868,0.7681349999999999,0.8855621428571429
1870,0.7294756455399061,0.6889424882629108
1873,0.8022529866479269,0.57597329585383
1877,0.8515245959241039,0.17860787069571327
1881,0.7768932470683381,0.5459995956328346
1882,0.6973151791988756,0.7046394940267041
1883,0.6036930751173709,0.4094486502347418
1885,0.29967458920187795,0.4244518779342723
1886,0.44449530516431923,0.8707541079812208
1887,0.5252168427230047,0.6417790492957747
1892,0.744525650035137,0.3635049191848208
1896,0.3399510729613734,0.6976266094420601
1898,0.7052175965665236,0.4523725321888412
1904,0.7283077469793888,0.8074342572850035
1905,0.5073796200345423,0.7716321243523316
1907,0.6334669527896996,0.610937339055794
1908,0.7103805340829233,0.06391707659873506
1913,0.6425460295151089,0.262146521433591
1916,0.6141510516252391,0.3286261950286807
1921,0.5455291637385805,0.22331447645818692
1922,0.6439388615600844,0.4818921293042867
1925,0.45254884047786365,0.8778088545326775
1930,0.7256409185803758,0.2798041057759221
1934,0.6179838369641601,0.622681307097681
1935,0.572206957132818,0.6154708362614196
1936,0.2793190442726634,0.7069739985945186
1937,0.7006159037558686,0.31012852112676054
1938,0.570951862262825,0.21495607870695713
1939,0.34717498243148276,0.33122768798313423
1940,0.4330165144061841,0.5611159522136332
1941,0.2595367491166078,0.40512932862190815
1942,0.6476399521531101,0.27538696172248806
1948,0.6369455375966269,0.7525917076598736
1949,0.648586085734364,0.43095959241040055
1950,0.6816988756148981,0.5721008432888265
1954,0.6140903755868545,0.27821214788732396
1959,0.8326535488404778,0.48019114546732256
1962,0.6622002810962755,0.5156791988756149
1963,0.5259932409597837,0.31385062521122
1964,0.4304281103286385,0.6657987089201878
1973,0.8840450643776824,0.600438626609442
1977,0.32834188334504566,0.8255007027406887
1979,0.47296240337315526,0.33263773717498246
1982,0.6586528755868546,0.6244040492957746
1985,0.697533731553057,0.5508060435699227
1986,0.5486605762473648,0.797134223471539
1988,0.46211806043569925,0.5949420238931834
1989,0.6741605046948356,0.6408823356807511
1990,0.3898910714285714,0.4529817857142857
1991,0.3280333533653846,0.39628876201923074
1992,0.5743279149734293,0.5882050640825257
1993,0.6724132115249474,0.4145186226282502
2001,0.7338200083717037,0.18357932189200504
2002,0.5124139093137255,0.5427113970588235
